Time,Key
4.000000,l4
4.670000,l4
5.330000,l4
6.000000,l3
6.670000,l1
8.000000,l3
9.330000,l4
10.000000,l1
10.670000,l3
11.330000,l3
12.000000,l4
