Time,Type,Info,Key
4.020000,BEAT,1,l1
4.420000,BEAT,2,l2
4.810000,BEAT,3,r1
5.210000,BEAT,4,r4
5.620000,BEAT,1,r3
5.990000,BEAT,2,r2
6.360000,BEAT,3,r1
6.750000,BEAT,4,r2
7.160000,BEAT,1,r4
7.540000,BEAT,2,
7.950000,BEAT,3,
8.350000,BEAT,4,r3
8.750000,BEAT,1,
9.150000,BEAT,2,
9.550000,BEAT,3,
9.950000,BEAT,4,
